date,entity,title
2025-12-20,NVDA,"Nvidia's (NVDA) Long-Term AI Leadership Intact, Says Bernstein"
2025-12-20,NVDA,TVS Apache RTX 300 real world fuel economy tested and explained - Introduction
2025-12-20,NVDA,"MSI Vector -  LCD 16"" QHD+ GeForce RTX 5080 Laptop GPU - Intel Core Ultra 9 275HX - 16GB Memory - 1 TB SSD - Windows 11 Home Gaming Laptop - 240 Hz (Vector 16 HX AI A2XWIG-050US )"
2025-12-20,NVDA,Why This AI Stock Could Outperform Nvidia Over the Next 5 Years
2025-12-20,NVDA,Nvidia-Intel deal cleared by US antitrust agencies
2025-12-20,NVDA,"S&P 500 Dow Nasdaq today: Stock market today: S&P 500, Dow, Nasdaq rise as AI stocks rebound &#x2013; here's why Oracle, Nvidia, and Micron led gains"
2025-12-20,NVDA,"Amazon Goes Rogue on ASUS, TUF F16 Gaming Laptop With RTX 4050 Now Cheaper Than Basic Laptops"
2025-12-20,NVDA,US launches review of advanced Nvidia chip sales to China
2025-12-20,NVDA,"Rivian Cuts the Cord: Stock Surges as ""Autonomy Processor"" Signals a High-Stakes Break from Nvidia and a Push for Vertical Supremacy"
2025-12-20,NVDA,TPG RE Finance Trust (NYSE:TRTX) Sees Strong Trading Volume  &#x2013; Should You Buy?
2025-12-19,NVDA,CoLab joins Nvidia Inception Program to beef up AI capabilities for its engineering tools
2025-12-19,NVDA,Rumor: Nvidia to Cut GPU Production Amid RAM Crisis
2025-12-19,NVDA,Nvidia doubles down on open-source AI with major acquisition and Nemotron 3 models for multi-agent workflows
2025-12-19,NVDA,"Lovable AI Startup Raises $330M, Valued at $6.6B with Nvidia Backing"
2025-12-19,NVDA,"Worthplaying | GeForce NOW Adds Free Hogwarts Legacy For A Limited Time, Fallout: New Vegas, Pioner And 3 Others This Week"
2025-12-19,NVDA,"First Fortnite Nvidia GeForce RTX Cup begins December 21 with $100,000+ prize pool"
2025-12-19,NVDA,Nvidia doubles down on open-source AI to cement GPU dominance amid rivals' retreat
2025-12-19,NVDA,Everyone's Watching Nvidia &#x2014; But Meta's AI Payoff Is Harder To Ignore - Meta Platforms (NASDAQ:META)
2025-12-19,NVDA,"AI coding startup Lovable raises $330M round backed by Nvidia, other tech heavyweights"
2025-12-19,NVDA,TVS Apache RTX 300 Wins IMOTY 2026
2025-12-18,NVDA,"27,186 Shares in NVIDIA Corporation $NVDA Bought by Shorepoint Capital Partners LLC"
2025-12-18,NVDA,St. Louis Financial Planners Asset Management LLC Has $3.11 Million Stock Position in NVIDIA Corporation $NVDA
2025-12-18,NVDA,Summit Financial Wealth Advisors LLC Has $2.56 Million Holdings in NVIDIA Corporation $NVDA
2025-12-18,NVDA,"Dow S&P 500 Nasdaq future rise: US stock futures surge today: Dow, S&P 500, Nasdaq turn green ahead of CPI inflation data - Micron revives Nvidia, Tesla"
2025-12-18,NVDA,Trust Co of the South Grows Holdings in NVIDIA Corporation $NVDA
2025-12-18,NVDA,Today's Cache | Google and Meta team up against Nvidia; Apple's alternative App Store in Japan; UK-US tech collaboration on shaky ground
2025-12-18,NVDA,"AI-Invested Pension Holders Might Feel Wary as Nvidia Director Dumps $44M, Stoking AI Bubble Fears"
2025-12-18,NVDA,"Nvidia Announces New Israeli Campus, Plans For 10,000 Employees"
2025-12-18,NVDA,2 AI Announcements That Nvidia Investors Can't Miss
2025-12-18,NVDA,NVIDIA to Cut RTX 50 GPU Production by up to 40% in Early 2026 Amid Memory Shortages
2025-12-18,NVDA,ASUS PRIME GeForce RTX 5070 Ti 16GB GDDR7 OC Edition PCI Express 5.0 DLSS 4.0 Graphics Card PRIME-RTX5070TI-O16G
2025-12-18,NVDA,MSI Gaming Desktop PC Aegis Z2 C8NVR-1655US AMD Ryzen 7 8700F 32GB DDR5 2TB NVMe SSD GeForce RTX 5070 Ti Windows 11 Home
2025-12-18,NVDA,Cassava Technologies Deploys 12000 Nvidia GPUs at Africa Tech Festival 2025
2025-12-18,NVDA,Is It Too Late to Buy Nvidia Stock?
2025-12-18,NVDA,RTX Surges to Record Highs as Defense Orders Explode
2025-12-18,NVDA,Thurston Springer Miller Herd & Titak Inc. Cuts Stock Holdings in Vertex Pharmaceuticals Incorporated $VRTX
2025-12-18,NVDA,"Nilsine Partners LLC Buys 5,043 Shares of NVIDIA Corporation $NVDA"
2025-12-18,NVDA,"Thurston Springer Miller Herd & Titak Inc. Sells 2,487 Shares of Vertex Pharmaceuticals Incorporated $VRTX"
2025-12-18,NVDA,Queen's University recruits Ian Karlin from Nvidia in bid to build Canadian supercomputer
2025-12-20,NVDA,RTX radar selected to support autonomous X 62A fighter testing
2025-12-20,NVDA,GeForce NOW Adds Fallout: New Vegas To Its Catalog
2025-12-20,NVDA,Massive Catalyst: Nvidia Could Surge 75 Percent in 2026
2025-12-20,NVDA,NVIDIA Corporation $NVDA is Assenagon Asset Management S.A.'s 3rd Largest Position
2025-12-19,NVDA,GeForce graphics cards: Nvidia to massively reduce GPU production
2025-12-19,NVDA,Nvidia Leads Chip Rally After Micron Backs AI Investment Cycle
2025-12-19,NVDA,"Maruti Suzuki Victoris wins ICOTY 2026, TVS Apache RTX wins IMOTY: All details here"
2025-12-19,NVDA,SK Hynix reportedly to open new office in Seattle area to deepen ties with Nvidia and major tech firms
2025-12-19,NVDA,Billionaire Philippe Laffont Is Selling Nvidia and Buying This Other Magnificent Chip Stock Instead
2025-12-19,NVDA,RTX's Raytheon awarded $168 million contract for Romanian Patriot air defense equipment
2025-12-19,NVDA,Nvidia's AI chip exports to China under US scrutiny: Here's why
2025-12-19,NVDA,US launches review of Nvidia's H200 chip sales to China: sources
2025-12-19,NVDA,Chinese scientists unveil chip 100 times faster than Nvidia
2025-12-18,NVDA,Billionaire Investor Adds To Nvidia Position As AI Conviction Builds
2025-12-18,NVDA,Why China isn't rushing to buy Nvidia's H200 AI chip
2025-12-18,NVDA,Jensen Huang: Israel has become Nvidia's second home
2025-12-18,NVDA,Google works to erode Nvidia's software advantage with Meta's help
2025-12-18,NVDA,"MSI CROSSHAIR A16 16"" QHD+ 240Hz AMD&#xAE; Ryzen&#x2122; 9-8940HX RTX 5060 32GBDR5 1TB NVMe SSD Win 11 Gaming Laptop D8WFKG-015US"
2025-12-18,NVDA,YEYIAN Gaming Desktop PC Vault Intel Core i7-14700F 32GB DDR5 1TB PCIe SSD GeForce RTX 5060 Windows 11 Home -  YPI-VA47F0C-5601N
2025-12-19,NVDA,NVIDIA (NASDAQ:NVDA) Trading 1.9% Higher   &#x2013; Here's What Happened
2025-12-19,NVDA,"The iBuypower Y40 Pro GeForce RTX 5080 Gaming PC Drops to $1,950, Matches Black Friday Deal"
2025-12-19,NVDA,Chinese team builds optical chip AI that is 100 times faster than Nvidia's market leader
2025-12-19,NVDA,NVIDIA Adds Ray Tracing and DLSS 4 to Popular Games for the Holidays
2025-12-19,NVDA,"US launches review of advanced Nvidia AI chip sales to China, sources say"
2025-12-19,NVDA,Process and Control Today | FANUC & NVIDIA forge new era of physical AI for industrial robotics
2025-12-19,NVDA,'Dukes of Hazzard' star visits Luray | Nvdaily
2025-12-19,NVDA,Google Enlists Meta To Cut Nvidia Reliance
2025-12-19,NVDA,Rep. Julie Johnson Sells RTX Corporation (NYSE:RTX) Shares
2025-12-19,NVDA,"Trump Administration Reviews Nvidia H200 Chip Sales to China, Marking Major Shift in U.S. AI Export Policy"
2025-12-19,NVDA,Trump admin reviews Nvidia AI chip sales to China - Trump backs chip sales to China
2025-12-19,NVDA,US launches review of advanced Nvidia AI chip sales to China: sources
2025-12-19,NVDA,"U.S. launches review of advanced Nvidia AI chip sales to China, sources say"
2025-12-19,NVDA,"S&P 500 Rallies On Cool CPI Inflation Report As Nvidia, Palantir, Tesla Bounce"
2025-12-19,NVDA,Samsung to supply SOCAMM2 LPDDR modules to Nvidia
2025-12-19,NVDA,China to get Nvidia H200 chips! Trump admin begins licensing process for exports &#x2014; Why are officials not happy?
2025-12-19,NVDA,NVIDIA Vice President Rev Lebaredian Joins TUMO Board of Directors &#x2022; MassisPost
2025-12-19,NVDA,NZ-AU: IREN Purchases 4.2k NVIDIA Blackwell GPUs & Secures Financing &#x2013; AI Cloud Expanded to 8.5k GPUs
2025-12-19,NVDA,U.S. launches review of advanced Nvidia AI chip sales to China: Reuters
2025-12-19,NVDA,Trump Administration Reviews Possible Approval of Nvidia AI Chip Shipments to China
2025-12-18,NVDA,Grab a punchy RTX 5060 Ti-powered iBuypower gaming PC for less than $900 &#x2014; it even packs 32GB of DDR5 RGB RAM and an 8-core Ryzen processor
2025-12-18,NVDA,Osprey Private Wealth LLC Grows Stock Position in RTX Corporation $RTX
2025-12-18,NVDA,"South Korea Allocates 10,000 Nvidia GPUs to SMEs and AI Projects"
2025-12-18,NVDA,"How To Trade SPY, QQQ, AAPL, MSFT, NVDA, GOOGL, META, TSLA Using Technical Analysis"
2025-12-18,NVDA,FinancialContent - Tech Titans Ascendant: Nvidia and Tesla Spearhead Year-End Market Surge
2025-12-18,NVDA,Virtualizing NVidia HGX B200 GPUs with Open Source
2025-12-18,NVDA,"Google, Nvidia's VC units back Lovable's $330M funding round at $6.6B valuation"
2025-12-18,NVDA,"Nvidia to build $1.5B AI campus in Israel, calls it ""second home"" &#x2013; Middle East Monitor"
2025-12-18,NVDA,"Intel Reportedly Draws Interest From AMD and NVIDIA in Its 14A Process for Server Offerings, as External Customers Start to Line Up"
2025-12-18,NVDA,Intel Arc B580 Outsells Radeon RX 9070 and RTX 5060 Ti 8 GB Cards at Mindfactory; Intel Arc Shines for the First Time
2025-12-18,NVDA,"Yakuza Kiwami 2, Splitgate: Arena Reloaded, and ARK: Lost Colony Get DLSS 4 Support, New GeForce Driver Released"
2025-12-18,NVDA,"NVIDIA's RTX PRO 5000 Blackwell GPU Gets Big Memory Upgrade, Now Packs 72 GB For AI & Pro Workloads, 50% More VRAM Capacity"
2025-12-18,NVDA,ASUS NVIDIA GeForce RTX 5080 TUF Gaming Overclocked Triple Fan 16GB GDDR7 PCIe 5.0 Graphics Card
2025-12-18,NVDA,"Bechtel to Modularize NVIDIA's AI-Factory Blueprint for Faster, Repeatable Builds &#x2013; Industry Tap"
2025-12-18,NVDA,"Google, meta team up on ""torchtpu"" as nvidia faces $5 trillion market test"
2025-12-19,NVDA,Nvidia has rarely been cheaper the last 10 years. Bernstein says buy it for 2026
2025-12-19,NVDA,"Dow jumps nearly 300 points as Nasdaq S&P 500 rally: US stock market gaining massively today: Nasdaq, Dow, S&P 500 jump - Nvidia, Oracle lift tech stocks"
2025-12-19,NVDA,"How To Trade SPY, QQQ, AAPL, MSFT, NVDA, GOOGL, META, TSLA Using Technical Analysis"
2025-12-19,NVDA,FinancialContent - The Great Rebalancing: Nvidia's $4.5 Trillion Shadow and the 2025 Pivot to Main Street
2025-12-19,NVDA,Nvidia opens Nemotron 3 models for agentic AI
2025-12-19,NVDA,Baystreet.ca - U.S. To Review Nvidia's A.I. Chip Sales To China
2025-12-19,NVDA,Nvidia declares huge campus project in 'second home' Israel | JNS
2025-12-19,NVDA,Voya Investment Management LLC Has $168.85 Million Holdings in Vertex Pharmaceuticals Incorporated $VRTX
2025-12-19,NVDA,Buying an Nvidia RTX graphics card could be a headache in 2026
2025-12-19,NVDA,"Friday stocks from analyst calls include Nvidia, Oracle, Apple, Nike"
2025-12-19,NVDA,UBS Asserts Buy Stance on NVIDIA Corporation (NVDA) Despite China H200 Chips Demand Concerns
2025-12-19,NVDA,Nvidia plans deep cuts to GeForce output as memory dries up
2025-12-19,NVDA,TikTok reaches new US deal; China's answer to Nvidia's A100: SCMP daily highlights
2025-12-19,NVDA,China's Sugon unveils new AI infrastructure to rival platforms from Nvidia and Huawei
2025-12-19,NVDA,Nvidia Vs. Alphabet: Which Could Be The World's Biggest Company By End-2026?
2025-12-19,NVDA,Why Nvidia Is Planning a Major Cut to Gaming GPU Production Next Year
2025-12-19,NVDA,RTX (NYSE:RTX) Price Target Raised to $200.00
2025-12-19,NVDA,"""The Biggest Threat to NVIDIA's AI Dominance Is Google,"" Says the Author of Jensen Huang's Biography, Claiming Fear of Failure Fuels Team Green's CEO"
2025-12-19,NVDA,Save $500 on this RTX 5070 configuration of one of our favorite gaming PCs
2025-12-19,NVDA,NVIDIA (NVDA) Evaluates Adding Production Capacity for Powerful H200 AI Chips
2025-12-19,NVDA,"Voya Investment Management LLC Buys 170,867 Shares of RTX Corporation $RTX"
2025-12-20,NVDA,Redhawk Wealth Advisors Inc. Trims Holdings in Vertex Pharmaceuticals Incorporated $VRTX
2025-12-20,NVDA,Princeton Global Asset Management LLC Cuts Stock Position in Vertex Pharmaceuticals Incorporated $VRTX
2025-12-20,NVDA,Alphabet Inc. (GOOGL) and Meta Working Together To Challenge Nvidia's Market Dominance: Report
2025-12-20,NVDA,Is NVIDIA Corporation (NVDA) the Best S&P 500 Stock to Buy Now?
2025-12-20,NVDA,Testing 8 Solder Flux Pastes After Flux Killed A GeForce2 GTS
2025-12-20,NVDA,"Asus Goes Rogue on RTX 5070 OC Edition, Now Selling GPU for Cheaper Than Previous Model"
2025-12-20,NVDA,Intel Arc B580 Surpasses RX 9070 and RTX 5060 Ti in Sales for the First Time
2025-12-20,NVDA,GuoLine Advisory Pte Ltd Takes $28.90 Million Position in NVIDIA Corporation $NVDA
2025-12-20,NVDA,NVIDIA Corporation $NVDA Holdings Reduced by Graphene Investments SAS
2025-12-20,NVDA,NVIDIA Corporation $NVDA Position Boosted by Grant Private Wealth Management Inc
2025-12-20,NVDA,NVIDIA Corporation $NVDA Stake Increased by Grant Private Wealth Management Inc
2025-12-20,NVDA,GuoLine Advisory Pte Ltd Invests $28.90 Million in NVIDIA Corporation $NVDA
2025-12-20,NVDA,NVIDIA Corporation $NVDA is Graphene Investments SAS's 4th Largest Position
2025-12-20,NVDA,NVIDIA Corporation $NVDA Shares Sold by Thurston Springer Miller Herd & Titak Inc.
2025-12-20,NVDA,Walmart's Black Friday-beating gaming laptop deals feature up to $650 off the latest RTX 5000 series machines
2025-12-20,NVDA,Destiny Wealth Partners LLC Increases Stake in NVIDIA Corporation $NVDA
2025-12-20,NVDA,NVIDIA Corporation $NVDA Shares Bought by EWG Elevate Inc.
2025-12-20,NVDA,NVIDIA Corporation $NVDA Shares Purchased by Canandaigua National Bank & Trust Co.
2025-12-20,NVDA,"Canandaigua National Trust Co of Florida Sells 2,814 Shares of NVIDIA Corporation $NVDA"
2025-12-20,NVDA,Ex-Nvidia billionaire unveils new AI chips after China IPO debut
2025-12-20,NVDA,"Savvy PC builder finds GeForce GTX 1660 Super for just $8.40 at thrift store &#x2014; Goodwill purchase comes with 6GB of VRAM for 1080p gaming, still sells for up to $100"
2025-12-18,NVDA,DLSS arrives in several new titles this week alongside new Nvidia graphics driver
2025-12-18,NVDA,"GeForce Now adds Fallout New Vegas, For the King 2 and more"
2025-12-18,NVDA,"Hedge Fund and Insider Trading News: Bill Ackman, Warren Buffett, Steve Cohen, Citadel Investment Group, Elliott Management, Altai Capital, Elanco Animal Health Inc (ELAN), NVIDIA Corp (NVDA), and More"
2025-12-18,NVDA,Nvidia and other chip stocks rise - but the AI trade may not be back for good
2025-12-18,NVDA,The race to break Nvidia's AI dominance is heating up fast as Big Tech aims to dethrone the leader &#x2013; Firstpost
2025-12-18,NVDA,NVDA and Tech Stocks rebound again after CPI miss &#x2013;&#xA0;US Index Outlook
2025-12-18,NVDA,FinancialContent - The Nvidia Gravity: How a Single Silicon Giant is Dictating the Pulse of the Global Market
2025-12-18,NVDA,Cameroon grants CFA9bn subsidy to boost Semry and Unvda rice output in 2026
2025-12-18,NVDA,"Worthplaying | NVIDIA Rolls Out New GeForce Game Ready Driver, Brings DLSS 4 To ARK: Lost Colony, Splitgate, Ashes of Creation And More"
2025-12-18,NVDA,"Huawei's AI chip capabilities still pale in comparison to American silicon &#x2014; report from U.S. council details that despite fears, Nvidia continues to lead by a wide margin"
2025-12-18,NVDA,NVIDIA 590.48.01 Linux Driver Brings R590 Series To Stable
2025-12-18,NVDA,AMD Radeon RX 9000 Series vs. NVIDIA GeForce RTX 50 Open-Source Linux Performance For 2025
2025-12-18,NVDA,"Nvidia GeForce Game Ready Driver 591.59 WHQL adds DLSS4 for   Ark: Lost Colony, Ashes of Creation, Splitgate: Arena Reloaded, and Yakuza Kiwami 2"
2025-12-18,NVDA,Nvidia to Cut RTX 50-Series GPU Production 40% in 2026 Over GDDR7 Shortages
2025-12-18,NVDA,Nvidia Stock Gains Traction As Chip Stocks Rally Following Blowout Results From Micron - NVIDIA (NASDAQ:NVDA)
2025-12-19,NVDA,US reviews Nvidia chip sales as Trump reverses policy
2025-12-19,NVDA,"Acer Nitro 60 N60-640-UR26 Desktop, Intel Core i7-14700F 20-Core Processor (Up to 5.4 GHz), NVIDIA GeForce RTX 5060 Ti Graphics(791 AI TOPS), 32 GB DDR5 Memory, 2 TB PCIe 4.0 NVMe SSD, Windows 11 Home"
2025-12-19,NVDA,GIGABYTE WindForce GeForce RTX 5070 Ti Graphics Card GV-N507TWF3-16G
2025-12-19,NVDA,Nvidia-Intel deal cleared by US antitrust agencies
2025-12-19,NVDA,FinancialContent - The Santa Claus Rally of 2025: AI Titans Oracle and Nvidia Lead Market Rebound
2025-12-19,NVDA,FinancialContent - The Five-Trillion Dollar Engine: Nvidia Anchors the 2025 Tech Rally as the Rubin Era Beckons
2025-12-19,NVDA,US launches review of advanced Nvidia AI chip sales to China
2025-12-19,NVDA,FinancialContent - Why Nvidia (NVDA) Stock Is Trading Up Today
2025-12-19,NVDA,The 10 Biggest Nvidia News Stories Of 2025
2025-12-19,NVDA,"Nvidia discount to chip index at historic levels, Bernstein says"
2025-12-19,NVDA,"Nvidia stock gains on Trump chip export review, sparking rally in chipmakers"
2025-12-19,NVDA,$1000 Invested In RTX 5 Years Ago Would Be Worth This Much Today - RTX (NYSE:RTX)
2025-12-19,NVDA,"Nasdaq climbs again today on AI rebound: Nasdaq rises again today: Nasdaq jumps more than 1% as AI stocks rebound; Oracle, Nvidia and Micron lead market rally"
2025-12-19,NVDA,'The rocket ship keeps going off': inside the Nvidia phenomenon with author Stephen Witt
2025-12-19,NVDA,"Stock market today: Dow, S&P 500, Nasdaq rise as Nvidia, Oracle shine in tech revival"
2025-12-19,NVDA,Nvidia (NVDA) Stock Jumps as Trump Administration Begins Review of H200 AI Chip Exports to China
2025-12-19,NVDA,Nvidia Stock Climbs On Reports of US Review Of H200 Exports To China - NVIDIA (NASDAQ:NVDA)
2025-12-19,NVDA,Montecito Bank & Trust Buys New Holdings in Vertex Pharmaceuticals Incorporated $VRTX
2025-12-19,NVDA,"Nvidia's (NVDA) Long-Term AI Leadership Intact, Says Bernstein"
2025-12-19,NVDA,Nvidia doubles down on open-source AI with new Nemotron 3 models
2025-12-19,NVDA,Why This AI Stock Could Outperform Nvidia Over the Next 5 Years
2025-12-19,NVDA,"Nvidia internal memo: Major US bank looking for Amazon cloud alternative, AWS responds"
2025-12-19,NVDA,U.S. Capital Wealth Advisors LLC Has $31.91 Million Stake in RTX Corporation $RTX
2025-12-19,NVDA,Insider Alert: NVIDIA Board Member Offloads Millions in Stock After Decades
2025-12-19,NVDA,Today's Cache | TikTok signs deal to sell U.S. unit; U.S. reviews Nvidia AI chip sales to China; Austria rules against Meta
2025-12-19,NVDA,ASUS marks 30 years of GPU dominance with the insane ROG Matrix GeForce RTX 5090
2025-12-19,NVDA,Trump administration makes way for Nvidia's advanced AI chips' sale to China: Report &#x2013; Firstpost
2025-12-19,NVDA,US scrutinizes Nvidia H200 chip exports to China as risks mount
2025-12-19,NVDA,"Nvidia's (NVDA) AI Dominance Faces Headwinds from Project Volatility, Gaming Cycles, and Power Concerns"
2025-12-19,NVDA,US launches review of Nvidia AI chip sales to China
2025-12-19,NVDA,NVIDIA Corporation $NVDA Shares Purchased by Grove Bank & Trust
2025-12-19,NVDA,NVIDIA RTX 50 Series Shortage: AI Spikes GPU Prices
2025-12-19,NVDA,US reportedly launches review of advanced Nvidia AI chip sales to China
2025-12-19,NVDA,Nvidia Memo: Capital One Explores AWS Alternatives to AI Control Costs
2025-12-19,NVDA,Buyer guide: TVS Apache RTX 300 waiting period explained
2025-12-20,NVDA,Did Nvidia Just Lose Its Spot as Wall Street's AI Chip Darling? JPMorgan Says This 'Overall Top Pick' Is Better.
2025-12-20,NVDA,Prediction: This Company Is All Set to Hit a $5 Trillion Market Cap in 2026 (Hint: It's Not Nvidia)
2025-12-20,NVDA,NVIDIA (NASDAQ:NVDA) Trading 1.9% Higher   &#x2013; Should You Buy?
2025-12-18,NVDA,"Google Partners with Meta to Challenge Nvidia's AI Chip Dominance, ETTelecom"
2025-12-18,NVDA,MSI Gaming Desktop PC Aegis Z2 C8NVP-1656US AMD Ryzen 7 8700F 32GB DDR5 1TB NVMe SSD GeForce RTX 5070 Windows 11 Home
2025-12-18,NVDA,"Korea to Deploy 10,000 Nvidia Chips to SMEs and Universities in AI Push"
2025-12-18,NVDA,Nvidia Unveils Plans for Campus in Northern Israel
2025-12-18,NVDA,CoLab joins Nvidia Inception to speed AI adoption in engineering
2025-12-18,NVDA,"Nvidia CEO Jensen Huang: I am not ambitious, I just want to&#x2026;"
2025-12-18,NVDA,DeepSeek: suspicions of Nvidia Blackwell chip smuggling to train Chinese AI
2025-12-18,NVDA,Think It's Too Late to Buy Nvidia Stock? Here's the 1 Reason Why There's Still Time.
2025-12-18,NVDA,JPMorgan Says to Sell NVDA March $160 Puts. Should You Actually?
2025-12-18,NVDA,Fortinet brings AI data centre security to NVIDIA DPUs
2025-12-18,NVDA,UBS Asserts Buy Stance on NVIDIA Corporation (NVDA) Despite China H200 Chips Demand Concerns
2025-12-18,NVDA,NVIDIA (NVDA) Evaluates Adding Production Capacity for Powerful H200 AI Chips
2025-12-18,NVDA,Bitcoin To Be Less Volatile Than Nvidia In 2026: Bitwise
2025-12-18,NVDA,China's AMD- and Nvidia-bred GPU rivals meet on the IPO stage
2025-12-20,NVDA,Will Nvidia Stock Crash in 2026? | The Motley Fool
2025-12-20,NVDA,Baystreet.ca - U.S. To Review Nvidia's A.I. Chip Sales To China
2025-12-20,NVDA,Nvidia-Intel deal cleared by U.S. antitrust agencies
2025-12-21,NVDA,RTX 5060 Ti 16 GB Rumored To Be At Risk Of Discontinuation Due To Increasing VRAM Prices
2025-12-21,NVDA,Arch Linux's Main NVIDIA Driver Packages Now Using The Open Kernel Modules
2025-12-21,NVDA,Is Nvidia Stock a Buy in 2026? | The Motley Fool
2025-12-21,NVDA,"Should You Buy Nvidia Before Jan. 6, 2026?"
2025-12-21,NVDA,Direxion Daily NVDA Bear 1X Shares (NASDAQ:NVDD) Trading Down 1.9%  &#x2013; Should You Sell?
2025-12-21,NVDA,Is Nvidia Stock a Buy in 2026?
2025-12-20,NVDA,NVIDIA (NASDAQ:NVDA) Trading Up 3.9% Following Analyst Upgrade
2025-12-20,NVDA,FinancialContent - The AI Second Wind: Nvidia and Oracle Ignite Year-End Rally as 'Infrastructure Economics' Replace Bubble Fears
2025-12-19,NVDA,"Canada's quantum dark horse, DoorDash gets Zesty, and Queen's Nvidia recruit"
2025-12-19,NVDA,NVIDIA CORP : Bernstein gives a Buy rating
2025-12-19,NVDA,Here's How Much You Would Have Made Owning NVIDIA Stock In The Last 10 Years - NVIDIA (NASDAQ:NVDA)
2025-12-19,NVDA,Will Nvidia Stock Crash in 2026? | The Motley Fool
2025-12-20,NVDA,FinancialContent - Nvidia at the Crossroads: Why the $4 Trillion Giant's Recent Rally May Still Have Room to Run
2025-12-20,NVDA,"Nasdaq charges higher on tech rally driven by Oracle, Nvidia"
2025-12-20,NVDA,Forget Nvidia and Broadcom. This Forgotten Retail Stock Is a Top Performer in 2025.
2025-12-20,NVDA,"Jim Cramer Says NVIDIA ""Will Get Plenty of Business"""
2025-12-20,NVDA,Alibaba Group (BABA) Has Shown Interest to Buy H200 Chips From NVDA
2025-12-20,NVDA,"Stock market today: Dow, S&P 500, Nasdaq rise as Oracle, Nvidia lead AI trade resurgence"
2025-12-20,NVDA,"As Nvidia Launches New Nemotron 3 Models, Should You Buy, Sell, or Hold NVDA Stock?"
2025-12-20,NVDA,"Before the Bell: Nvidia, Oracle rally as trillions in options set to expire"
2025-12-20,NVDA,FTC clears $5 billion Nvidia-Intel deal despite antitrust concerns
2025-12-20,NVDA,How to Enable Resizable BAR for Better Gaming Performance on NVIDIA GPUs
2025-12-18,NVDA,"Why S&P 500 Nasdaq Dow down today: Stock market today: Why S&P 500, Nasdaq, Dow dropped - AI stocks crash hit Oracle, Nvidia, AMD, Broadcom, Alphabet"
2025-12-18,NVDA,Nvidia Stock: An Early Christmas Gift For Investors (Rating Upgrade) (NASDAQ:NVDA)
2025-12-18,NVDA,NVIDIA cuts GPU output amid AI RAM crunch
2025-12-18,NVDA,"After Mark Zuckerberg, Sam Altman looks for Nvidia alternative, and new chip supplier for OpenAI could be&#x2026;"
2025-12-18,NVDA,Nvidia director Harvey Jones sells $44 million in shares held for over three decades
2025-12-18,NVDA,The Best GeForce RTX 5070 Graphics Card Deals Are Currently Below MSRP
2025-12-18,NVDA,Exclusive-Google works to erode Nvidia's software advantage with Meta's help
2025-12-18,NVDA,MetaX and Moore Threads are latest Chinese rivals to Nvidia's AI chips
2025-12-18,NVDA,Nvidia Vs. Alphabet: Which Could Be The World's Biggest Company By End-2026?
2025-12-20,MSFT,LG Will Let You Delete Microsoft Copilot App on Smart TVs Following Backlash
2025-12-20,MSFT,"Microsoft's The Top Brand Scammers Use When Phishing For Clicks, Study Shows"
2025-12-20,MSFT,Unannounced Microsoft Copilot Shortcut on LG Smart TVs Sparks User Frustration
2025-12-20,MSFT,"Microsoft 365 Cyberattack Foiled: Nigeria Police Arrest 'RaccoonO365' Phishing Kingpin, Partners FBI, Microsoft"
2025-12-19,MSFT,"Amazon, Google, Microsoft partner with US Energy Department to drive innovations through 'Genesis Mission'"
2025-12-19,MSFT,Microsoft seeks rezoning approval for new data center in Gaines Township
2025-12-19,MSFT,GitHub - microsoft/TRELLIS.2: Native and Compact Structured Latents for 3D Generation
2025-12-19,MSFT,"Oh, the Irony: Microsoft's Push for Copilot+ PCs Could Stall Laptop Sales"
2025-12-19,MSFT,FinancialContent - Dow Jones Surges as Inflation Relief Ignites Year-End Rally; Goldman Sachs and Microsoft Lead the Charge
2025-12-19,MSFT,Microsoft (NASDAQ:MSFT) Shares Up 1.7%  &#x2013; What's Next?
2025-12-18,MSFT,"Microsoft's Bill Gates points out a grim reality about AI bubble, says 'only a fraction will&#x2026;'"
2025-12-18,MSFT,"Microsoft (NASDAQ:MSFT) Stock Acquired Rep. Gilbert Ray Cisneros, Jr."
2025-12-18,MSFT,Police Arrest Suspected Hackers Of Microsoft Database
2025-12-18,MSFT,Microsoft Pullback Seen as Buying Opportunity After Recent Sell-Off
2025-12-18,MSFT,Microsoft Corporation $MSFT is Jacobs & Co. CA's 3rd Largest Position
2025-12-18,MSFT,Iberdrola and Microsoft deepen collaboration on energy and artificial intelligence projects
2025-12-18,MSFT,React2Shell: Microsoft counts hundreds of hacked machines
2025-12-18,MSFT,Microsoft dusts off old tricks to scare users off Chrome
2025-12-18,MSFT,What's next for Azure infrastructure
2025-12-18,MSFT,Microsoft AI chief Mustafa Suleyman warns AI race will cost hundreds of billions over the next decade
2025-12-18,MSFT,Elon Musk says Microsoft founder Bill Gates may have been $10 billion richer if he &#x2026;
2025-12-18,MSFT,"MRVL, AMZN and MSFT: Breaking Down the Wall Street Controversy"
2025-12-20,MSFT,Microsoft Launches Data Centre Skilling Programme in Hyderabad
2025-12-20,MSFT,Satya Nadella tells Microsoft's top leaders to commit to AI or&#x2026;
2025-12-20,MSFT,I turned Microsoft Edge into a privacy fortress with 4 settings
2025-12-19,MSFT,Gaines Township hearing on Microsoft rezoning for data center postponed | Newsradio WOOD 1300 and 106.9 FM
2025-12-19,MSFT,New Microsoft report reveals AI is becoming a digital confidant
2025-12-19,MSFT,Microsoft data center proposal draws hundreds to Gaines Township meeting
2025-12-19,MSFT,Microsoft AI chief warns frontier AI will cost hundreds of billions to keep up
2025-12-19,MSFT,"Epstein Latest Photos Go Viral: Microsoft's Bill Gates Seen With Several Girls, Google's Sergey Brin Visited Estate As Well"
2025-12-19,MSFT,Police arrest fraud suspects over 365 targeted cyberattacks against Microsoft
2025-12-19,MSFT,Nigerian man in Police net over global Microsoft 365 cyber attack
2025-12-19,MSFT,Microsoft's Bill Gates features in new Jeffrey Epstein photos released by US House Democrats: Here's what the images reveal
2025-12-19,MSFT,Microsoft Xbox Rejects Any Formal Kick Deal &#x2014; Critics Fear Harmful Content Spread
2025-12-18,MSFT,Microsoft 365 services restored in Japan and China after major regional outage; here's what disrupted services
2025-12-18,MSFT,Should You Buy Microsoft Stock Despite Its Ballooning CapEx?
2025-12-19,MSFT,LG will let you delete the previously unremovable Microsoft Copilot shortcut on its smart TVs
2025-12-19,MSFT,Microsoft cloud region powers New Zealand's AI growth
2025-12-19,MSFT,Cognizant and Microsoft operationalise AI for enterprise frontier firms
2025-12-19,MSFT,On the immortality of Microsoft Word  &#x2013;  OSnews
2025-12-19,MSFT,"After years of cyberattacks, Microsoft cripples RC4 and forces networks to adopt stronger encryption immediately"
2025-12-19,MSFT,Police nab 2 over microsoft 365 cybercrime attacks - Blueprint Newspapers Limited
2025-12-19,MSFT,Suspect in global Microsoft 365 hack arrested in Nigeria
2025-12-19,MSFT,Nigeria Police Arrest Suspect Over Microsoft Phishing Attacks Targeting Corporate Users
2025-12-19,MSFT,Microsoft's Windows 11 AI Agents Spark Privacy Fears and Security Risks
2025-12-19,MSFT,Microsoft CEO Satya Nadella 'warns' company's top leadership: Leave or sign on&#x2026;
2025-12-19,MSFT,Residents pack meetings to protest Microsoft's potential data center plans
2025-12-19,MSFT,LG will let TV owners delete Microsoft Copilot after customer outcry
2025-12-19,MSFT,Microsoft AI CEO admits Gemini 'can do things that Copilot can't do'
2025-12-19,MSFT,"Cognizant, Microsoft Form Multi-Year Partnership to Build AI-Powered Enterprises"
2025-12-19,MSFT,Kent County residents halt Microsoft data center plan
2025-12-19,MSFT,"Azure Ray - Every story, every source. Never miss a thing."
2025-12-18,MSFT,Man arrested in Nigeria over Microsoft cyberattack
2025-12-18,MSFT,Two important words that make Microsoft AI CEO Mustafa Suleyman reject Meta CEO Mark Zuckerberg's 'high-flying pay packages'
2025-12-18,MSFT,"How To Trade SPY, QQQ, AAPL, MSFT, NVDA, GOOGL, META, TSLA Using Technical Analysis"
2025-12-18,MSFT,Satya Nadella says Microsoft execs must embrace AI
2025-12-18,MSFT,"Microsoft Looks Like a ""Table Pounder"" After Dipping on AI Worries"
2025-12-18,MSFT,Having Windows app issues? Microsoft is making businesses reach out directly to get a fix
2025-12-18,MSFT,Nigerian arrested for Microsoft 365 cyberattack
2025-12-18,MSFT,Microsoft's holiday Copilot ad is wrapped in empty promises
2025-12-18,MSFT,"Who Is Mustafa Suleyman? Microsoft's AI Chief Showers Praises On Sam Altman, Elon Musk As He Vows To Push Superintelligence"
2025-12-18,MSFT,Cognizant and Microsoft Expand Partnership to Advance AI Transformation and Frontier Firm Experiences
2025-12-18,MSFT,Microsoft trained 4 million Nigerians with tech skills in three years
2025-12-18,MSFT,"Apple's 2025 MacBook Air (15"", M4) Drops to Its Lowest Price to Take On Windows Laptops From Microsoft, HP, and More"
2025-12-18,MSFT,"Microsoft Does Final Price Cut of Year on Xbox Controllers, Nearly 50% Off and Makes Sony's Look Overpriced"
2025-12-18,MSFT,Microsoft Stock Eyes $600 on AI and Cloud Growth
2025-12-18,MSFT,"7 open-source apps so good, Microsoft should build them into Windows"
2025-12-19,MSFT,"How To Trade SPY, QQQ, AAPL, MSFT, NVDA, GOOGL, META, TSLA Using Technical Analysis"
2025-12-19,MSFT,Microsoft exec says it'll cost hundreds of billions to win in AI
2025-12-19,MSFT,Microsoft Store recap leaves out major issues
2025-12-19,MSFT,Halo game pulled from Microsoft Store | Windows Central
2025-12-19,MSFT,LG walks back unremovable Microsoft Copilot on TVs [Update]
2025-12-19,MSFT,Denmark starts unwinding its reliance on Microsoft
2025-12-19,MSFT,Microsoft Confirms Windows Security Update Breaks VPN Connections
2025-12-19,MSFT,Satya Nadella Says Those Who Don't Embrace AI Within Microsoft Must Leave the Company
2025-12-19,MSFT,Microsoft Phases Out RC4 Encryption by 2026 to Bolster Windows Security
2025-12-19,MSFT,LG Will Let You Delete Microsoft Copilot App on Smart TVs Following Backlash
2025-12-19,MSFT,Microsoft AI CEO Admits Google's Gemini 3 Excels Over Copilot in Multimodal Tasks
2025-12-19,MSFT,Microsoft (MSFT) Pledges to Invest $17.5 billion in AI and Cloud Computing in India
2025-12-19,MSFT,"Tomb Raider: Catalyst actor ""really frightened about losing Lara"" after being ""completely blindsided"" by Microsoft's decision to abruptly scrap Perfect Dark reboot"
2025-12-20,MSFT,Analysts See 33% Upside To Microsoft Corporation (MSFT)
2025-12-20,MSFT,"Kodak Moment: How Apple, Amazon, Meta, Microsoft Missed the AI Boat, Playing Catch-Up"
2025-12-20,MSFT,Test Confirms Copilot Can't Do What Microsoft's Ad Shows
2025-12-20,MSFT,Sanders Morris Harris LLC Grows Stake in Microsoft Corporation $MSFT
2025-12-20,MSFT,Microsoft Corporation $MSFT Shares Sold by Sage Capital Advisors llc
2025-12-20,MSFT,"Graphene Investments SAS Sells 1,200 Shares of Microsoft Corporation $MSFT"
2025-12-20,MSFT,Union Bancaire Privee UBP SA Has $435.07 Million Position in Microsoft Corporation $MSFT
2025-12-20,MSFT,Microsoft Corporation $MSFT Shares Sold by Union Bancaire Privee UBP SA
2025-12-18,MSFT,"Microsoft, Google Join US AI Genesis Mission to Advance Scientific Discovery"
2025-12-18,MSFT,Engineers Upskill With Interview Kickstart's New Advanced Generative AI Program As AI-Driven Tech Layoffs At Amazon Microsoft Meta Reshape Tech Careers
2025-12-18,MSFT,"""Imagine if Microsoft did this"" &#x2014; Fortnite has been blocked on iOS once again"
2025-12-18,MSFT,Score lifetime access to Microsoft Office for Mac for $50 for a limited time
2025-12-18,MSFT,"AWS Transform Drives Microsoft Windows, VMware Migrations Faster With New Innovation"
2025-12-18,MSFT,Police Arrest Suspect over Microsoft 365 Cyber Attack &#x2013; THISDAYLIVE
2025-12-18,MSFT,"CEO.CA Technologies Ltd.: CEO.CA's Inside the Boardroom: Nextech3D.AI Gains Netflix, Microsoft, and Google as Clients for 2026"
2025-12-18,MSFT,Cognizant and Microsoft expand partnership to co-innovate and deliver AI solutions
2025-12-18,MSFT,Microsoft Updates Windows 'To Stop Users From Downloading Google Chrome'
2025-12-19,MSFT,"Google, Palo Alto may have struck Google Cloud's largest security services deal ever: Why it is 'worrying' for Amazon, Microsoft"
2025-12-19,MSFT,"Hyperscale Data Centers Hit 1,300 With AWS, Google, Microsoft Owning Over Half Of Global Capacity"
2025-12-19,MSFT,"How Amazon, Microsoft and Boeing are helping after WA floods"
2025-12-19,MSFT,Microsoft Teams down LIVE as Office 365 platform suffers major outage - World News
2025-12-19,MSFT,"LG responds swiftly to user backlash, will allow users to remove Microsoft Copilot link from TVs &#x2014; clarifies service is not an app, future update will include tile removal option from WebOS"
2025-12-19,MSFT,Share of the Week: Microsoft Flight Simulator 2024
2025-12-19,MSFT,Microsoft Explains How Duplicate Content Affects AI Search Visibility
2025-12-19,MSFT,HF Advisory Group LLC Has $6.63 Million Holdings in Microsoft Corporation $MSFT
2025-12-19,MSFT,"AI isn't optional: As Microsoft Copilot falls short, Satya Nadella guns for relevance"
2025-12-19,MSFT,"Amazon, Google, and Microsoft Join U.S. Energy Department's 'Genesis Mission'"
2025-12-19,MSFT,Microsoft releases emergency patch for Windows 10 to fix Message Queuing problems
2025-12-19,MSFT,Police Apprehend Cyber Fraud Suspect for Microsoft 365 Cyber Attacks &#x2013; THISDAYLIVE
2025-12-19,MSFT,"Cognizant, Microsoft agree multi-year partnership for AI integration"
2025-12-20,MSFT,"Microsoft (NASDAQ:MSFT) Stock Acquired Rep. Gilbert Ray Cisneros, Jr."
2025-12-18,MSFT,"Microsoft warns MSMQ may fail after update, breaking apps"
2025-12-18,MSFT,"Before becoming Microsoft CEO, Satya Nadella faced the 'One rejection' Indian students fear most"
2025-12-18,MSFT,Reply Recognized as a Microsoft Azure Expert Managed Services Provider for the Sixth Consecutive Year
2025-12-18,MSFT,Microsoft AI CEO: Keeping up With AI Will Cost 'Hundreds of Billions'
2025-12-18,MSFT,Is Microsoft Corporation (MSFT) One of Billionaire David Tepper's Top Stock Picks Heading into 2026?
2025-12-20,MSFT,Is Microsoft Still Attractive After AI Investment Push and Strong Multi Year Share Gains?
2025-12-20,MSFT,Windows: Microsoft wants to massively improve SSD performance
2025-12-21,MSFT,Microsoft (NASDAQ:MSFT) Stock Acquired Rep. Cleo Fields
2025-12-21,MSFT,"Rep. Gilbert Ray Cisneros, Jr. Purchases Shares of Microsoft Corporation (NASDAQ:MSFT)"
2025-12-20,MSFT,"Europe's biggest aerospace company Airbus wants to move critical systems away from AWS, Google and Microsoft; 'fear' this American law"
2025-12-19,MSFT,Nigeria arrests dev of Microsoft 365 'Raccoon0365' phishing platform
2025-12-20,MSFT,"Seriously, do you actually use Microsoft Copilot?"
2025-12-20,MSFT,Microsoft launches asset-level ad reviews
2025-12-20,MSFT,Russian Hackers Exploit Microsoft 365 OAuth to Bypass MFA in Phishing Attacks
2025-12-20,MSFT,Microsoft Bing explains how duplicate content can hurt your visibility in AI Search
2025-12-18,MSFT,ProsperOps Achieves Microsoft Azure IP Co-Sell Status
2025-12-18,MSFT,Partners looking to drive data service growth are turning to Microsoft Fabric
2025-12-18,MSFT,Partners set on driving data service growth are turning to Microsoft Fabric
2025-12-18,MSFT,"SANDOW Design Group Acquires Canadian Design Magazine, Azure"
